{
    "train_loss": [
        0.5263336685518868,
        0.4410429992995704,
        0.40246872522960453,
        0.36956075738413263,
        0.3439723628873642,
        0.31274811833049543,
        0.28809391804777396,
        0.2627297368007727,
        0.24308898554632838,
        0.21924009697791486
    ],
    "train_acc": [
        0.7326732673267327,
        0.7955295529552955,
        0.8184318431843184,
        0.837033703370337,
        0.84993499349935,
        0.8667366736673667,
        0.8767876787678768,
        0.8936393639363936,
        0.8996399639963997,
        0.9125412541254125
    ],
    "train_f1": [
        0.7373231132075471,
        0.7962732300333815,
        0.8185497976113137,
        0.8373021816184913,
        0.8500774341809462,
        0.8664628952247333,
        0.8763424671283749,
        0.8937190825963125,
        0.8994035386697409,
        0.9124317829069244
    ],
    "valid_loss": [
        0.45542603968219325,
        0.431025048548525,
        0.44209264286539773,
        0.4051998789337548,
        0.39860341427001084,
        0.39766367948190734,
        0.391640112481334,
        0.3956167738546025,
        0.3965265060012991,
        0.4092762510884892
    ],
    "valid_acc": [
        0.7878841712559957,
        0.8006750755018653,
        0.7937466690353526,
        0.8143542369870315,
        0.8186178717356547,
        0.8221709006928406,
        0.8262568839936045,
        0.8232368093799964,
        0.8257239296500266,
        0.8218155977971221
    ],
    "valid_f1": [
        0.7949158364823085,
        0.8024647887323942,
        0.8128928283642224,
        0.8162475822050289,
        0.8181008373418848,
        0.8182313419284547,
        0.8257305773342837,
        0.822732941386068,
        0.8253516111803454,
        0.8137418755803156
    ],
    "test_acc": 0.8184281842818428,
    "test_f1": 0.8035190615835777,
    "test_loss": 0.3695686310529709,
    "time": 92.91887903213501
}