{
    "train_loss": [
        0.6290553882480049,
        0.5949501371421753,
        0.5777006764381457,
        0.564240750032492,
        0.5523417035040383,
        0.5402662242753818,
        0.5293888547740424,
        0.5177481435358334,
        0.5073681819362762,
        0.49549772002445625
    ],
    "train_acc": [
        0.6412641264126413,
        0.6804180418041804,
        0.6956195619561956,
        0.7107210721072107,
        0.7175717571757175,
        0.7249224922492249,
        0.7353235323532353,
        0.7443244324432443,
        0.7513751375137514,
        0.7597259725972597
    ],
    "train_f1": [
        0.658120472741136,
        0.6779865974706505,
        0.6920313685808247,
        0.708842921133424,
        0.7162094261883228,
        0.721989184818315,
        0.7316875348507121,
        0.743181475714501,
        0.7497987117552336,
        0.7584577489569196
    ],
    "valid_loss": [
        0.5949357778511264,
        0.5882526114583015,
        0.5856024328280579,
        0.5765196850354021,
        0.5736759599636901,
        0.5695463476533239,
        0.567106192084876,
        0.570819329470396,
        0.5795766897499561,
        0.5659241740676489
    ],
    "valid_acc": [
        0.679694439509682,
        0.6827145141232901,
        0.6889323147983656,
        0.6955054183691597,
        0.6960383727127376,
        0.7024338248356724,
        0.7034997335228282,
        0.6994137502220643,
        0.6960383727127376,
        0.7054538994492805
    ],
    "valid_f1": [
        0.681505034446211,
        0.673968601679445,
        0.7088944305901912,
        0.6943651925820257,
        0.6745291991630207,
        0.7097556749263558,
        0.6912118408880665,
        0.7201455507773734,
        0.7284558006665609,
        0.7101398601398602
    ],
    "test_acc": 0.6693766937669376,
    "test_f1": 0.6611111111111111,
    "test_loss": 0.6024946868419647,
    "time": 26.88618302345276
}