{
    "train_loss": [
        0.5472225571592776,
        0.4980328422956192,
        0.48080131897149375,
        0.4663297828203573,
        0.45539275516336336,
        0.4518524691129264,
        0.4439432545782278,
        0.43736221305668926,
        0.4293534948041264,
        0.4190879952602874
    ],
    "train_acc": [
        0.7221722172217222,
        0.7601760176017601,
        0.7730773077307731,
        0.7817281728172817,
        0.7875287528752876,
        0.7909290929092909,
        0.7968796879687969,
        0.8016801680168016,
        0.8038803880388039,
        0.8102810281028103
    ],
    "train_f1": [
        0.7245140817136058,
        0.7583879093198993,
        0.7711086452133563,
        0.778998531719913,
        0.7857394987645605,
        0.7882072843321005,
        0.7946825717751719,
        0.7993930197268589,
        0.8019391980608018,
        0.8087315991127243
    ],
    "valid_loss": [
        0.5007560063492168,
        0.489447779614817,
        0.4750999239358035,
        0.45119128308512946,
        0.4507853656329892,
        0.4396355270662091,
        0.43615394221110776,
        0.4430240365591916,
        0.4458895603364164,
        0.43860891833901405
    ],
    "valid_acc": [
        0.7583940309113519,
        0.7642565286907088,
        0.7770474329365784,
        0.7901936400781666,
        0.7935690175874933,
        0.7948125777225085,
        0.8022739385325991,
        0.7967667436489607,
        0.7901936400781666,
        0.800497424054006
    ],
    "valid_f1": [
        0.7844690966719493,
        0.733801404212638,
        0.7963654064578939,
        0.7966947839559305,
        0.7915321133835665,
        0.7942276857295564,
        0.803461063040791,
        0.7851239669421488,
        0.7973923486018185,
        0.7916898534594695
    ],
    "test_acc": 0.7913279132791328,
    "test_f1": 0.7755102040816327,
    "test_loss": 0.41622650374968845,
    "time": 71.57788801193237
}