{
    "train_loss": [
        0.8369442199746641,
        0.6971821537413917,
        0.6961393750513705,
        0.6984302700518038,
        0.6957495197320518,
        0.6961510887922951,
        0.6964495244879312,
        0.6959471026548563,
        0.6965063092426751,
        0.6959849386550367
    ],
    "train_acc": [
        0.5034003400340034,
        0.5017001700170017,
        0.504000400040004,
        0.49864986498649866,
        0.5011001100110011,
        0.49104910491049103,
        0.4972997299729973,
        0.4954995499549955,
        0.4935993599359936,
        0.49544954495449545
    ],
    "train_f1": [
        0.5004778431668426,
        0.48370550748665875,
        0.48688634835238737,
        0.5033683376263126,
        0.4799040817390398,
        0.4736787671941255,
        0.4875363205383086,
        0.49349866961192834,
        0.4900035252052173,
        0.5022200296003947
    ],
    "valid_loss": [
        0.6984047246250239,
        0.6893797821619294,
        0.7020415128632025,
        0.695294813676314,
        0.6951564929702065,
        0.6953784545714204,
        0.6930885436859998,
        0.6944543041966178,
        0.6930851353840395,
        0.6955528685992415
    ],
    "valid_acc": [
        0.5025759459939598,
        0.5231835139456387,
        0.500266477171789,
        0.5004441286196483,
        0.4992005684846331,
        0.49902291703677387,
        0.5009770829632262,
        0.5006217800675076,
        0.5007994315153669,
        0.49955587138035173
    ],
    "valid_f1": [
        0.013389711064129669,
        0.1130204890945142,
        0.0007104795737122558,
        0.0021291696238466998,
        0.6655593783366948,
        0.6657183499288764,
        0.0021314387211367673,
        0.0007109847138286528,
        0.0028388928317956003,
        0.6662717687477786
    ],
    "test_acc": 0.5067750677506775,
    "test_f1": 0.6726618705035972,
    "test_loss": 0.6951545973618826,
    "time": 64.5015799999237
}