{
    "train_loss": [
        0.5622446957868509,
        0.4718092114399797,
        0.44040721226424073,
        0.4243108873930983,
        0.40184741441053323,
        0.3855170926061301,
        0.37212083015007713,
        0.3599647217379591,
        0.3491132149871546,
        0.3373600220718323
    ],
    "train_acc": [
        0.7084208420842084,
        0.7761276127612762,
        0.7976797679767976,
        0.8072307230723073,
        0.8160816081608161,
        0.8273827382738274,
        0.8372837283728373,
        0.8397839783978398,
        0.8483348334833484,
        0.8527352735273528
    ],
    "train_f1": [
        0.7092495636998255,
        0.7774740295243302,
        0.7980231629392971,
        0.8079127011809258,
        0.8161919040479759,
        0.8274,
        0.8369412707957505,
        0.8398640543782487,
        0.848342417120856,
        0.8527573621318933
    ],
    "valid_loss": [
        0.4823753000660376,
        0.4612381170419129,
        0.44199464266950433,
        0.4431725266304883,
        0.4293220798400315,
        0.4258969453248111,
        0.4222532812167298,
        0.4178976680744778,
        0.41760851646011526,
        0.4168041233312
    ],
    "valid_acc": [
        0.7710072837093622,
        0.781488719133061,
        0.7932137146917747,
        0.7955231835139457,
        0.8051163616983479,
        0.8020962870847398,
        0.805826967489785,
        0.8076034819683781,
        0.8086693906555339,
        0.8111565109255641
    ],
    "valid_f1": [
        0.7808941016488188,
        0.7686230248306998,
        0.7865786578657866,
        0.7807201371689846,
        0.8067641359873173,
        0.7971595047341588,
        0.8113240117383049,
        0.8105649816337238,
        0.8136355770894619,
        0.8068326367435945
    ],
    "test_acc": 0.8238482384823849,
    "test_f1": 0.8126801152737751,
    "test_loss": 0.3829711737732093,
    "time": 70.58230996131897
}