{
    "train_loss": [
        0.5606234401178817,
        0.46891677655731906,
        0.442422567465054,
        0.41976349517560235,
        0.40310484361343873,
        0.3867456270292544,
        0.37280621981849305,
        0.35649062902592243,
        0.3489828991432921,
        0.34171775783212804
    ],
    "train_acc": [
        0.7103710371037104,
        0.7762776277627763,
        0.7938293829382939,
        0.8090809080908091,
        0.8156815681568157,
        0.828082808280828,
        0.8355335533553355,
        0.8438843884388438,
        0.8481348134813481,
        0.8501850185018501
    ],
    "train_f1": [
        0.7139753086419753,
        0.7775014919435052,
        0.794435857805255,
        0.8094049520766773,
        0.815792103948026,
        0.828031212484994,
        0.8353441802252816,
        0.8437281009110023,
        0.8477923119330425,
        0.8500650585526974
    ],
    "valid_loss": [
        0.47950172424316406,
        0.45582128688693047,
        0.4435002827508883,
        0.43311388147148216,
        0.43567059392278845,
        0.42335913906043227,
        0.4222013313661922,
        0.41847997599027376,
        0.4208982556381009,
        0.41672655228864064
    ],
    "valid_acc": [
        0.7743826612186889,
        0.789838337182448,
        0.7958784864096642,
        0.7976550008882572,
        0.8001421211582874,
        0.8074258305205188,
        0.8063599218333629,
        0.8106235565819861,
        0.8095576478948303,
        0.8141765855391722
    ],
    "valid_f1": [
        0.7719928186714542,
        0.7980194638893632,
        0.7892129884424877,
        0.7997186565851943,
        0.7893652873993634,
        0.8049658150413818,
        0.8045193687230989,
        0.8115942028985507,
        0.80466472303207,
        0.8113275613275613
    ],
    "test_acc": 0.8184281842818428,
    "test_f1": 0.809116809116809,
    "test_loss": 0.3859148472547531,
    "time": 66.7603051662445
}