{
    "train_loss": [
        0.5579745096330064,
        0.46820767704671185,
        0.44053864621887573,
        0.41826960872918273,
        0.4006620672183296,
        0.3801422502857428,
        0.3711933325083492,
        0.3524229075676336,
        0.3406866686983992,
        0.3315706358740505
    ],
    "train_acc": [
        0.7092709270927092,
        0.7775277527752775,
        0.7974797479747975,
        0.8092309230923093,
        0.8204820482048205,
        0.8298829882988299,
        0.8363336333633363,
        0.847034703470347,
        0.8536353635363536,
        0.853985398539854
    ],
    "train_f1": [
        0.714776295133438,
        0.7784693521884181,
        0.7979041916167664,
        0.8097161953214624,
        0.8202483476867614,
        0.8300699300699301,
        0.836112362926243,
        0.8470270540581086,
        0.8533934385174055,
        0.8535166047958263
    ],
    "valid_loss": [
        0.4796729961579496,
        0.4539351331239397,
        0.442668003114787,
        0.4353223121301694,
        0.4290933199226856,
        0.4228203383020379,
        0.41940901936455205,
        0.4169379130683162,
        0.41394768316637387,
        0.4152893657711419
    ],
    "valid_acc": [
        0.7758038728015634,
        0.7900159886303073,
        0.7972996979925386,
        0.8001421211582874,
        0.8019186356368805,
        0.8052940131462072,
        0.8079587848640967,
        0.8088470421033931,
        0.8097352993426896,
        0.8115118138212827
    ],
    "valid_f1": [
        0.777660324171952,
        0.7927043142756928,
        0.8039181990032651,
        0.7929320817228053,
        0.8077917600413722,
        0.8071780436312456,
        0.8096495861947525,
        0.8042212518195052,
        0.8078234344159341,
        0.8081027310544401
    ],
    "test_acc": 0.8346883468834688,
    "test_f1": 0.8252148997134671,
    "test_loss": 0.38740916550159454,
    "time": 76.37617588043213
}