{
    "train_loss": [
        0.557454281721633,
        0.4729997034842214,
        0.4463701973707912,
        0.4232017293143958,
        0.4045360478730247,
        0.38860188334132917,
        0.3786405402060134,
        0.3628838482184913,
        0.35174972747271055,
        0.33820276000438787
    ],
    "train_acc": [
        0.7133213321332134,
        0.7774277427742774,
        0.7926792679267927,
        0.8068306830683069,
        0.8166816681668166,
        0.8271827182718272,
        0.8301330133013302,
        0.8378337833783378,
        0.8447344734473448,
        0.8530353035303531
    ],
    "train_f1": [
        0.7209811651335961,
        0.7787223465075814,
        0.7929070929070928,
        0.8067437090399718,
        0.8163142599458862,
        0.8266104756170981,
        0.8297499122938907,
        0.8375657400450789,
        0.8444622551720683,
        0.8528366130889792
    ],
    "valid_loss": [
        0.47793839465488086,
        0.4544927498156374,
        0.4454972608522935,
        0.43779248371720314,
        0.4290590360760689,
        0.42453040690584615,
        0.43363974209536205,
        0.4193452864208005,
        0.42607464946129103,
        0.41653918949040497
    ],
    "valid_acc": [
        0.7710072837093622,
        0.7832652336116539,
        0.7917925031089004,
        0.7953455320660864,
        0.7983656066796945,
        0.8019186356368805,
        0.7987209095754131,
        0.8031621957718955,
        0.805826967489785,
        0.808136436311956
    ],
    "valid_f1": [
        0.7744531933508312,
        0.776064610866373,
        0.8010862186014935,
        0.7840269966254219,
        0.7913219341790769,
        0.7953001652285662,
        0.8118252781929912,
        0.8075052119527449,
        0.7938902508014332,
        0.8096580895311949
    ],
    "test_acc": 0.8048780487804879,
    "test_f1": 0.7977528089887641,
    "test_loss": 0.37518080075581867,
    "time": 108.67404985427856
}