{
    "train_loss": [
        0.5417439191105267,
        0.454704945460676,
        0.42403651654910735,
        0.3958686940110149,
        0.3728627125961712,
        0.3574187493743226,
        0.3304490348972832,
        0.31625791446279033,
        0.2999799274884093,
        0.2871015327045331
    ],
    "train_acc": [
        0.7228222822282229,
        0.7860786078607861,
        0.806030603060306,
        0.8241324132413241,
        0.8378837883788379,
        0.8423842384238424,
        0.8572357235723572,
        0.8640864086408641,
        0.8716371637163717,
        0.8792879287928793
    ],
    "train_f1": [
        0.7265551773469487,
        0.7870158319227323,
        0.8066204696146367,
        0.8243519952055136,
        0.8378837883788379,
        0.8422580322290061,
        0.857214303575894,
        0.8641135886411359,
        0.8716307446116917,
        0.8791549859831799
    ],
    "valid_loss": [
        0.4702464867044579,
        0.44085004688663915,
        0.4292566400359977,
        0.42004929787733336,
        0.4097478184849024,
        0.4100639979270371,
        0.4023194265636531,
        0.4041777476668358,
        0.40957266244698654,
        0.4068395739251917
    ],
    "valid_acc": [
        0.7734944039793924,
        0.7967667436489607,
        0.8028068928761769,
        0.8076034819683781,
        0.8104459051341268,
        0.8168413572570616,
        0.8214602949014035,
        0.8207496891099663,
        0.8159531000177651,
        0.8196837804228104
    ],
    "valid_f1": [
        0.7630551942018212,
        0.7978798586572438,
        0.7978878368536053,
        0.8015393073117097,
        0.8076437714079683,
        0.8101638740563433,
        0.8192771084337349,
        0.8149642398679627,
        0.8232685090412828,
        0.8223972003499562
    ],
    "test_acc": 0.8346883468834688,
    "test_f1": 0.8328767123287671,
    "test_loss": 0.37488296379645664,
    "time": 79.80148601531982
}