{
    "train_loss": [
        0.5524255725712822,
        0.4702986775876615,
        0.43804191943174736,
        0.41578845327464153,
        0.3901067815554409,
        0.371605743424961,
        0.3576049964648847,
        0.333532611497294,
        0.3158823783500507,
        0.2989564794606675
    ],
    "train_acc": [
        0.7118711871187119,
        0.7772777277727773,
        0.7999299929992999,
        0.8113311331133113,
        0.8251325132513251,
        0.8356835683568357,
        0.841934193419342,
        0.855985598559856,
        0.8650865086508651,
        0.8741374137413741
    ],
    "train_f1": [
        0.7135328626827087,
        0.7774557809533326,
        0.8003592635098049,
        0.8113782932560115,
        0.8254554529573248,
        0.8358969236915702,
        0.8422418525727404,
        0.8558269923908691,
        0.8647890147338879,
        0.8739293764087153
    ],
    "valid_loss": [
        0.48086970536546275,
        0.46480866555463185,
        0.45065209709785203,
        0.4358733337033879,
        0.43097297847270966,
        0.42744067819281056,
        0.4334017346528443,
        0.42669166963208804,
        0.4321472810750658,
        0.4419555945152586
    ],
    "valid_acc": [
        0.7674542547521762,
        0.7820216734766389,
        0.7887724284952923,
        0.7981879552318352,
        0.8029845443240362,
        0.8036951501154734,
        0.8033398472197548,
        0.8077811334162374,
        0.8044057559069107,
        0.8036951501154734
    ],
    "valid_f1": [
        0.7538085386496144,
        0.7939546599496221,
        0.80120381207156,
        0.7923976608187133,
        0.81033008380366,
        0.8083925784636726,
        0.8133535660091047,
        0.8045520231213873,
        0.812595744680851,
        0.7925661723296414
    ],
    "test_acc": 0.7940379403794038,
    "test_f1": 0.7751479289940829,
    "test_loss": 0.44024477899074554,
    "time": 96.45613265037537
}