{
    "train_loss": [
        0.5620180376992819,
        0.4728518415944645,
        0.43992950407841713,
        0.42278026896543774,
        0.403276017679574,
        0.3865112339536222,
        0.37700876522178467,
        0.3630705495326283,
        0.3550371508152721,
        0.3407143342037932
    ],
    "train_acc": [
        0.7102710271027103,
        0.7772277227722773,
        0.7961296129612961,
        0.8058305830583058,
        0.816031603160316,
        0.8255825582558256,
        0.8336333633363336,
        0.8359835983598359,
        0.8461846184618462,
        0.8538853885388539
    ],
    "train_f1": [
        0.7142998027613412,
        0.7777500623596908,
        0.7956698240866036,
        0.8058014503625907,
        0.8154502131928769,
        0.8252505010020039,
        0.8335751087989596,
        0.8352752109280835,
        0.8462153784621538,
        0.8540605334132453
    ],
    "valid_loss": [
        0.48830483413555403,
        0.45728234574198723,
        0.4446537491272796,
        0.4321540841324763,
        0.429094408723441,
        0.4191657259044322,
        0.4161698923192241,
        0.4185565909878774,
        0.4318791495805437,
        0.4182849323207682
    ],
    "valid_acc": [
        0.7701190264700657,
        0.7871735654645585,
        0.7953455320660864,
        0.8020962870847398,
        0.8072481790726594,
        0.8090246935512524,
        0.8108012080298455,
        0.8113341623734234,
        0.8068928761769408,
        0.8138212826434535
    ],
    "valid_f1": [
        0.784906914893617,
        0.7809070958302853,
        0.8034129692832765,
        0.8043554618897084,
        0.8134135855546002,
        0.8082069580731489,
        0.8089686098654708,
        0.8185855825076871,
        0.7912425580948723,
        0.8045505408429691
    ],
    "test_acc": 0.7940379403794038,
    "test_f1": 0.7777777777777777,
    "test_loss": 0.3992425153652827,
    "time": 68.0841851234436
}