{
    "train_loss": [
        0.5650655765312548,
        0.47908503607439157,
        0.4550702440472076,
        0.4267110734130628,
        0.41011345496002477,
        0.3962016700270077,
        0.380952809708187,
        0.36533636049912,
        0.3591645707051975,
        0.34543819715991947
    ],
    "train_acc": [
        0.707970797079708,
        0.7726272627262726,
        0.7873287328732873,
        0.804930493049305,
        0.816031603160316,
        0.8221322132213221,
        0.8324332433243324,
        0.8407340734073407,
        0.8411341134113411,
        0.8484848484848485
    ],
    "train_f1": [
        0.7153718686031777,
        0.7736121483694299,
        0.7875730482992858,
        0.8046472031649057,
        0.8154502131928769,
        0.8216774452298592,
        0.832223501727332,
        0.8404708239418984,
        0.8407758231844836,
        0.8479068366629856
    ],
    "valid_loss": [
        0.4922469387000257,
        0.4608505070209503,
        0.4537763985043222,
        0.4384655471552502,
        0.43861407989805395,
        0.4256706830452789,
        0.4203995649110187,
        0.4231662665578452,
        0.41659105044196953,
        0.41680756346745923
    ],
    "valid_acc": [
        0.7678095576478948,
        0.7875288683602771,
        0.7935690175874933,
        0.7985432581275538,
        0.7988985610232724,
        0.805826967489785,
        0.8095576478948303,
        0.8067152247290815,
        0.8115118138212827,
        0.8092023449991117
    ],
    "valid_f1": [
        0.7829985057280425,
        0.7886178861788617,
        0.8047715053763441,
        0.804953560371517,
        0.8096199125462497,
        0.8023150660155545,
        0.8093883357041252,
        0.8140806561859193,
        0.8089321087700342,
        0.8124345092560252
    ],
    "test_acc": 0.7994579945799458,
    "test_f1": 0.7955801104972375,
    "test_loss": 0.38190775116284686,
    "time": 46.44551205635071
}