{
    "train_loss": [
        0.5624890961586096,
        0.4725043641302151,
        0.4426123060928747,
        0.42239058236725413,
        0.4085935928855841,
        0.38798516960189744,
        0.3737296653441347,
        0.36308173825756046,
        0.35220314886052007,
        0.3393480212638934
    ],
    "train_acc": [
        0.7084708470847084,
        0.7750775077507751,
        0.7958795879587959,
        0.8064306430643065,
        0.8154815481548154,
        0.8278827882788279,
        0.8354835483548355,
        0.8418841884188419,
        0.8468346834683468,
        0.8531853185318532
    ],
    "train_f1": [
        0.7181123682429166,
        0.7762411700328326,
        0.7960019990004997,
        0.8064016004001,
        0.8150375939849623,
        0.8271046815350612,
        0.8350050150451354,
        0.8419948031181291,
        0.846642968006809,
        0.8528468323977546
    ],
    "valid_loss": [
        0.48328455503691325,
        0.455171660604802,
        0.4451819099485874,
        0.439140127802437,
        0.42905837907032535,
        0.42435709082267503,
        0.4211507940834219,
        0.4245333710516041,
        0.41694601252675056,
        0.41776677627455105
    ],
    "valid_acc": [
        0.7688754663350507,
        0.784508793746669,
        0.7946349262746492,
        0.7981879552318352,
        0.805826967489785,
        0.8060046189376443,
        0.8060046189376443,
        0.8070705276248001,
        0.8092023449991117,
        0.8095576478948303
    ],
    "valid_f1": [
        0.78042194092827,
        0.7851195748449956,
        0.802054794520548,
        0.7875046763935654,
        0.8008744762251776,
        0.8011653313911143,
        0.8083538083538083,
        0.7968574635241302,
        0.8059971098265896,
        0.8127837932238909
    ],
    "test_acc": 0.8373983739837398,
    "test_f1": 0.8369565217391305,
    "test_loss": 0.36154597997665405,
    "time": 69.26008415222168
}