{
    "train_loss": [
        0.5503748790524639,
        0.4774910879020874,
        0.45015688350025457,
        0.43057199360463566,
        0.40641360594251286,
        0.38088648616315457,
        0.34835719057736686,
        0.31174071675862747,
        0.2803055599284248,
        0.2503923864695973
    ],
    "train_acc": [
        0.7163716371637163,
        0.77007700770077,
        0.7852785278527853,
        0.7963296329632963,
        0.8124312431243125,
        0.8271827182718272,
        0.8464846484648465,
        0.8643364336433643,
        0.8792379237923792,
        0.8960896089608961
    ],
    "train_f1": [
        0.7224505774124095,
        0.7724663499604117,
        0.787929672066377,
        0.7982764598088257,
        0.8128336909335862,
        0.8287073750991276,
        0.8470658563315733,
        0.8649778529836262,
        0.8797729875043561,
        0.8963177327612015
    ],
    "valid_loss": [
        0.504653738303618,
        0.5037592229518023,
        0.5147204212844372,
        0.5431324683807113,
        0.5393156013028189,
        0.5443706065416336,
        0.5726901004937562,
        0.5926962305199016,
        0.6334584362127564,
        0.7029404054311189
    ],
    "valid_acc": [
        0.7503997157576834,
        0.7571504707763368,
        0.7511103215491206,
        0.7464913839047789,
        0.7376088115118138,
        0.7505773672055427,
        0.7484455498312311,
        0.7498667614141056,
        0.750755018653402,
        0.747201989696216
    ],
    "valid_f1": [
        0.7649322402543083,
        0.7544458415663733,
        0.7641811142905236,
        0.7284490960989535,
        0.7581463893892254,
        0.7493752231345948,
        0.7585266030013642,
        0.7514124293785311,
        0.7532102022867194,
        0.7572914889988062
    ],
    "test_acc": 0.7289972899728997,
    "test_f1": 0.7297297297297298,
    "test_loss": 0.5930152982473373,
    "time": 29.077282905578613
}