{
    "train_loss": [
        0.5521750836707533,
        0.49047658418695006,
        0.4758888689664225,
        0.4604380636359937,
        0.44460078216970156,
        0.42827338132614523,
        0.4132380493151875,
        0.4028992478173381,
        0.3916721754371168,
        0.3742531768430155
    ],
    "train_acc": [
        0.7150715071507151,
        0.7671767176717672,
        0.7773777377737774,
        0.786978697869787,
        0.7982298229822983,
        0.8053305330533054,
        0.8161316131613161,
        0.8212321232123212,
        0.825982598259826,
        0.8380338033803381
    ],
    "train_f1": [
        0.7095524518299521,
        0.7701421800947867,
        0.7806680461129176,
        0.7900650502661148,
        0.8009078798046085,
        0.8077056063225488,
        0.8173282328978092,
        0.8222012234545183,
        0.8272781417510422,
        0.8388477038658638
    ],
    "valid_loss": [
        0.5308116806501691,
        0.4788438339125026,
        0.4794556051492691,
        0.4621680521152236,
        0.486215335062959,
        0.4391639295288108,
        0.4264861775392836,
        0.4194045141339302,
        0.42826684564352036,
        0.41906519335779274
    ],
    "valid_acc": [
        0.7463137324569196,
        0.7697637235743471,
        0.7715402380529401,
        0.7811334162373423,
        0.7633682714514123,
        0.8012080298454433,
        0.8044057559069107,
        0.8076034819683781,
        0.8015633327411619,
        0.811689465269142
    ],
    "valid_f1": [
        0.7226107226107227,
        0.769312922748309,
        0.7662668120683387,
        0.7994791666666666,
        0.7869481765834934,
        0.8095967330270546,
        0.8098773959592471,
        0.8084880636604775,
        0.8171550171877558,
        0.8133802816901408
    ],
    "test_acc": 0.8401084010840109,
    "test_f1": 0.840108401084011,
    "test_loss": 0.38160290320714313,
    "time": 658.3095459938049
}